#;;x;;;;;;;;;;;;x
#;;x;;;;;;;;;;;;x
#;;PROVINCE MODIFIERS;;;;;;;;;;;;x
#;;x;;;;;;;;;;;;x
redevance_banale;Feudal Tenure;Redevance Banale;;;;;;;;;;;;x
redevance_banale_desc;The peasants here are required to to pay dues in exchange for use of to the local lord's facilities. If only one could also oblige them to use strictly only these facilities and no others... ;En échange de l'accès aux installations seigneuriales, les paysans étaient taxés. Si l'on ajoute à cela qu'ils étaient dans l'obligation d'utiliser celles-ci et aucune autre... ;;;;;;;;;;;;x

great_pass;Major pass;Col Majeur;;;;;;;;;;;;x
great_pass_desc;This pass is a key to control the trade and borders throughout the mountains.;Ce col est un des passages clé à travers les montagnes. S'en assurer le contrôle représente un avantage financier et stratégique non négligeable.;;;;;;;;;;;;;x
minor_pass;Minor pass;Col Mineur;;;;;;;;;;;;x
minor_pass_desc;This passage through the mountains offers some advantages despite being secondary.;Ce col, bien que d'importance moindre procure néanmoins quelques avantages non sans intérêts.;;;;;;;;;;;;x

foret_up;Forest demesne;Domaine forestier;;;;;;;;;;;;x
foret_up_desc;We have augmented our woodland holdings through a series of strategic acquisitions and can now profit even more greatly from these lands.;Grâce à notre politique d'acquisitions, nous avons agrandit nos domaines boisés et nous pouvons à présent en tirer encore davantage de profits.;;;;;;;;;;;;x
loi_forestiere_L1;Forest Licence;Licence Forestière;;;;;;;;;;;;x
loi_forestiere_L1_desc;The granting of forest licenses bestows upon the holder the following rights and restrictions: \n-Right to Pasture: a small tax for the privilege of feeding swine in said woods \n-Right of Passage: the right to pass through the area of the forest accompanied by hounds provided that their claws have been clipped \n-Hunting is strictly §Rforbidden§! \n-Deforestation is strictly §Rforbidden§!;Par la promulgation de la présente, j'édicte les règles suivantes : \n-droit de pâture : agistment et pannage des porcs \n-se déplacer librement accompagné de chiens à condition qu'ils aient été privés de leur griffes pour ne point chasser \n-toute chasse est INTERDITE \n-la déforestation est INTERDITE;;;;;;;;;;;;x
loi_forestiere_L2;Forest Charter;Charte Forestière;;;;;;;;;;;;x
loi_forestiere_L2_desc;The granting of forest charters bestows upon the holder the following rights and restrictions: \n-Right of Pasture: a small tax for the privilege of feeding swine in said woods \n-Right of Passage: the right to pass through the area of the forest accompanied by hounds provided that their claws have been clipped \n-The right to hunt small game, such as rabbits, hares, and foxes \n-The right to harvest kindling \n-Deforestation is strictly §Rforbidden§!;Par la promulgation de la présente, j'édicte les règles suivantes : \n-droit de pâture : agistment et pannage des porcs \n-est autorisée la chasse du petit gibier nuisible : lapin, lièvre et renard \n-le prélèvement de petit bois est autorisé \n-la coupe d'arbres est INTERDITE;;;;;;;;;;;;x
foret_hantee;Haunted Forest;Forêt Hantée !;;;;;;;;;;;;x
foret_hantee_desc;This forest is rumored to be haunted!;Forêt Hantée !;;;;;;;;;;;;x
foret_maudite;Cursed Forest;Forêt Maudite !;;;;;;;;;;;;x
foret_maudite_desc;This forest is rumored to be cursed!;Forêt Maudite !;;;;;;;;;;;;x
foret_malfamee;Bandit Lair;Nid de Bandits;;;;;;;;;;;;x
foret_malfamee_desc;A lair of unscrupulous bandits plague this forest.;Nid de Bandits;;;;;;;;;;;;x
foret_braconnage;Poaching;Braconnage;;;;;;;;;;;;x
foret_braconnage_desc;Poachers are braving the local lord authority here by violating the hunt restrictions.\nSuch troubles agitate population and disturb the collect of taxes.;Des braconniers sont à l'oeuvre et défient l'autorité seigneuriale en violant les restrictions de chasse. \nDe tels troubles agitent la population et perturbent la perception de l'impôt.;;;;;;;;;;;;x
justice_rendue_prov;Justice brought;Justice rendue;;;;;;;;;;;;x
justice_rendue_prov_desc;The local lord brought justice and order back in the province.;Le seigneur local a fait respecter la justice et rétabli l'ordre dans la province.;;;;;;;;;;;;x
justice_rendue_char;Brought Justice;A rendu la Justice;;;;;;;;;;;;x
justice_rendue_char_desc;This character made the law applied and brought justice.;Ce personnage a fait appliquer la loi et rendu justice.;;;;;;;;;;;;x

#relique_pour_jaloux;Forged relic;Relique falsifiée;;;;;;;;;;;;x
#relique_pour_jaloux_desc;A relic falasified by an individual itching to construct a cathedral;Une relique falsifiée par quelqu'un d'envieux pour construire une cathédrale;;;;;;;;;;;;x
relique_fort_douteuse;Doubtful relic;Relique fort douteuse;;;;;;;;;;;;x
relique_fort_douteuse_desc;;Relique à l'origine très suspecte;;;;;;;;;;;;x
relique_falsifiee;Forged relic;Relique falsifiée;;;;;;;;;;;;x
relique_falsifiee_desc;;Une relique falsifiée qui a servi à construire une cathédrale;;;;;;;;;;;;x
relique_mineure;Minor relic;Relique mineure;;;;;;;;;;;;x
relique_mineure_desc;;Reste d'un personnage assez mineur parmi les saints de la chrétienté;;;;;;;;;;;;x
relique_achercher_01;Mysterious relic;Relique mystérieuse;;;;;;;;;;;;x
relique_achercher_01_desc;This relic was revealed to the World only recently. It was lost for centuries before reappearing here, in this unexpected region.;Cette relique s'est révélée au Monde il y a peu. Elle était restée cachée pendant plusieurs siècles avant de reparaître dans cette région assez improbable.;;;;;;;;;;;;x
relique_achercher_02;Mysterious relic;Relique mystérieuse;;;;;;;;;;;;x
relique_achercher_02_desc;This relic was revealed to the World only recently. It was lost for centuries before reappearing here, in this unexpected region.;Cette relique s'est révélée au Monde il y a peu. Elle était restée cachée pendant plusieurs siècles avant de reparaître dans cette région assez improbable.;;;;;;;;;;;;x
relique_achercher_03;Mysterious relic;Relique mystérieuse;;;;;;;;;;;;x
relique_achercher_03_desc;This relic was revealed to the World only recently. It was lost for centuries before reappearing here, in this unexpected region.;Cette relique s'est révélée au Monde il y a peu. Elle était restée cachée pendant plusieurs siècles avant de reparaître dans cette région assez improbable.;;;;;;;;;;;;x
relique_achercher_04;Mysterious relic;Relique mystérieuse;;;;;;;;;;;;x
relique_achercher_04_desc;This relic was revealed to the World only recently. It was lost for centuries before reappearing here, in this unexpected region.;Cette relique s'est révélée au Monde il y a peu. Elle était restée cachée pendant plusieurs siècles avant de reparaître dans cette région assez improbable.;;;;;;;;;;;;x
relique_achercher_05;Mysterious relic;Relique mystérieuse;;;;;;;;;;;;x
relique_achercher_05_desc;This relic was revealed to the World only recently. It was lost for centuries before reappearing here, in this unexpected region.;Cette relique s'est révélée au Monde il y a peu. Elle était restée cachée pendant plusieurs siècles avant de reparaître dans cette région assez improbable.;;;;;;;;;;;;x
relique_generique;Holy Relic;Sainte Relique;;;;;;;;;;;;x
relique_graal_01;The Holy Grail;Le Saint Graal;;;;;;;;;;;;x
relique_graal_01_desc;The Holy Grail;Le Saint Graal ! ;;;;;;;;;;;;x

chantier_stop;Construction Stopped;Chantier Arrêté;;;;;;;;;;;;x
chantier_stop_desc;It is more than likely that this rather critical situation is the direct impact of gross incompetence by one of your subordinates. Still, such situation must end as quickly and not recur;Il est plus que vraisemblable que cette situation plutôt critique est la répercussion directe de la flagrante incompétence d'un de vos maître d'ouvrage. Toujours est-il qu'une telle situation doit cesser au plus vite et ne plus se reproduire.;;;;;;;;;;;;x
chantier_stop_rivalite_1;Construction Stopped;Chantier Arrêté;;;;;;;;;;;;x
chantier_stop_rivalite_1_desc;;Suite à un grave coup bas intenté contre la construction, celle-ci s'est arrêtée.;;;;;;;;;;;;x
chantier_stop_rivalite_2;Construction Stopped;Chantier Arrêté;;;;;;;;;;;;x
chantier_stop_rivalite_2_desc;;Suite à un grave coup bas intenté contre la construction, celle-ci s'est arrêtée.;;;;;;;;;;;;x
chantier_stop_rivalite_3;Construction Stopped;Chantier Arrêté;;;;;;;;;;;;x
chantier_stop_rivalite_3_desc;;Suite à un grave coup bas intenté contre la construction, celle-ci s'est arrêtée.;;;;;;;;;;;;x
chantier_down;Construction Slowed;Les travaux piétinent;;;;;;;;;;;;x
chantier_down_desc;The project is painly slow, it falls onto your site managers to move their bacon !;Le chantier peine à avancer, il va falloir que vos maîtres d'ouvrage se bougent un peu le lard !;;;;;;;;;;;;x
chantier_down_rivalite_1;Construction Slowed;Les travaux piétinent;;;;;;;;;;;;x
chantier_down_rivalite_1_desc;;Le chantier a subit un coup bas et mettra quelque temps pour s'en remettre.;;;;;;;;;;;;x
chantier_down_rivalite_2;Construction Slowed;Les travaux piétinent;;;;;;;;;;;;x
chantier_down_rivalite_2_desc;;Le chantier a subit un coup bas et mettra quelque temps pour s'en remettre.;;;;;;;;;;;;x
chantier_down_rivalite_3;Construction Slowed;Les travaux piétinent;;;;;;;;;;;;x
chantier_down_rivalite_3_desc;;Le chantier a subit un coup bas et mettra quelque temps pour s'en remettre.;;;;;;;;;;;;x
chantier_up;Accelerated Construction;Les travaux vont bon train;;;;;;;;;;;;x
chantier_up_desc;Construction is going well, we can hope finish within the planned delays.;Le rythme du chantier se déroule à bonne allure, on peut même espérer finir à temps.;;;;;;;;;;;;x
chantier_cathedrale;Cathedral Building Site;Construction d'une Cathédrale;;;;;;;;;;;;x
chantier_cathedrale_desc;A Cathedrale is under construction on this lord's lands.;Une Cathédrale est en construction sur les terres de ce seigneur.;;;;;;;;;;;;x
chantier_cancelled;Cancelled Cathedral Building Site;Construction d'une Cathédrale annulée;;;;;;;;;;;;x
chantier_cancelled_desc;A Cathedrale was under construction on this lord's lands.\nThis construction was stopped for a religious question (the lord has no longer a Catholic confession or one of his heresies).;Une Cathédrale était en construction sur les terres de ce seigneur.\nCe chantier a été arrêté pour une question religieuse (le seigneur n'est plus de confession catholique ou d'une de ses hérésies).;;;;;;;;;;;;x
romanesque_construction;Romanesque cathedral reconstruction;Reconstruction de la cathédrale romane;;;;;;;;;;;;x
romanesque_construction_desc;The reconstruction of the Romanesque cathedral weighs heavily on finances.;La reconstruction de la cathédrale romane pèse terriblement sur les finances.;;;;;;;;;;;;x

loge_modifier;;Présence d'une loge pour ouvriers;;;;;;;;;;;;x
loge_modifier_desc;;La loge permet aux ouvriers de travailler plus efficacement l'hiver.\nElle permet également de former les ouvriers.;;;;;;;;;;;;x
temp_wall;Temporary wall;Mur provisoire;;;;;;;;;;;;x
temp_wall_desc;Temporary wall erected from stones for the construction of the Cathedral;Mur provisoire érigé à partir des pierres destinées à la construction de la Cathédrale;;;;;;;;;;;;x
temp_wall_improvement;Temporary wall improvement;Amélioration provisoire des murs;;;;;;;;;;;;x
temp_wall_improvement_desc;Improvements made in the emergency by the workers of the Cathedral construction;Améliorations faites dans l'urgence par les ouvriers du chantier de la Cathédrale;;;;;;;;;;;;x
stone_siege_defence;Stone defence;Défense de pierre;;;;;;;;;;;;x
stone_siege_defence_desc;Defend yourself by launching the stones originally planned for the construction of the Cathedral.;Se défendre en lançant les pierres initialement prévues pour la construction de la Cathédrale.;;;;;;;;;;;;x

agriculture1;Fertile Farmland;Région Agricole ;;;;;;;;;;;;x
agriculture1_desc;The land in this region is uncharacteristically fertile and many crops can potentially be cultivated here.;Cette région présente un fort potentiel agricole qui ne demande qu'à être toujours mieux exploité.\nLe développement de ce potentiel permet de produire : \n-Des §Ycéréales§! sur les plaines d'un §YBourg seigneurial§! \n-Des §Ycéréales§! sur les plaines d'une §YCité manufacturière§! \n-Des §Ycéréales§! sur les terres arables d'un §YMonastère§! \n-Des §Yproduits maraîchers§! sur les plaines d'un §YMonastère§! \n-Des §Yfruits§! sur les côteaux d'un un §YBourg seigneurial§! \n-Des §Yfruits§! sur les coteaux d'une §YCité manufacturière§! \n De la §Yvigne§! sur les côteaux d'un §YMonastère§!;;;;;;;;;;;;x
agriculture2_cereales;Agriculture: Cereals;Agriculture: CEREALES;;;;;;;;;;;;x
agriculture2_cereales_desc;This region has been cultivated and many bountiful harvest is assured. These lands produce a wide variety of cereals.;Cette région a été mise en culture et assure de bons rendements. Les plaines produisent une grande variété de céréales.;;;;;;;;;;;;x
#agriculture2_fruits;Agriculture: Fruits;Agriculture: FRUITS;;;;;;;;;;;;x
#agriculture2_fruits_desc;This region has been cultivated and many bountiful harvest is assured. The many hills and terraces here are covered with orchards with trees bending under the weight of their abundant fruit.;Cette région a été mise en culture et assure de bons rendements. Les zones vallonnées ou à flanc de coteaux sont couvertes de vergers aux arbres ployant sous le poids de leur abondante production.;;;;;;;;;;;;x
#agriculture2_legumes;Agriculture: Vegetables;Production MARAICHERE;;;;;;;;;;;;x
#agriculture2_legumes_desc;The rich and fertile soil permits the growing of legumes and vegetables to stock local markets and feed the common people.;La terre riche et fertile permet la production de légumes et plantes de toutes sorte qui aliment les marchés locaux et nourrit le peuple.;;;;;;;;;;;;x
agriculture2_vigne;Agriculture: Vineyards;Agriculture: VIGNES;;;;;;;;;;;;x
agriculture2_vigne_desc;The hills here are planted with vines used primarily in the manufacture of wine.;Les coteaux sont ici plantés de vignes servant principalement à l'élaboration de vin.;;;;;;;;;;;;x
agriculture3_farine;Cereals: Flour;Agriculture: FARINE;;;;;;;;;;;;x
agriculture3_farine_desc;Wheat is grown here in abundance and is milled to produce flour, an critical resource needed to sustain large populations. A rich wheat-producing province is a great boon to the local lord.;Les farines produites servent avant tout à fabriquer, base de l'alimentation des plus nombreux. Etre une province productrice est un avantage certain.;;;;;;;;;;;;x
agriculture3_biere;Agriculture: Beer;Agriculture : BIERE;;;;;;;;;;;;x
agriculture3_biere_desc;The rich, golden hues and fine foam are but a few of the selling points for our renowned local beer! Hops are grown here and refined to produce a most delicious brew.;Les reflets dorés, la fine mousse couvrant la chope de ce brassin sont à eux seuls de très bons arguments de vente pour notre bière locale ! ;;;;;;;;;;;;x
#agriculture3_cidre;Agriculture: Cider;Agriculture : CIDRE;;;;;;;;;;;;x
#agriculture3_cidre_desc;The quality of the cider produced in these lands can be judged by the quantities sold in the markets and in the taverns!;La réputation du cidre produit sur ses terres n'est à faire à en juger par les quantités écoulées sur les marchés et dans les tavernes ! ;;;;;;;;;;;;x
agriculture3_vin;Agriculture : Wine;Agriculture : VIN;;;;;;;;;;;;x
agriculture3_vin_desc;The wineries of this province produce barrels in excess, enough to fill the cellars of all the nobles and burghers of the region.;Les chais de la province produisent suffisamment de surplus qui remplissent les caves des nobles et bourgeois de la région.;;;;;;;;;;;;x
agriculture4_pain;Agriculture: Bread;Agriculture : PAIN;;;;;;;;;;;;x
agriculture4_pain_desc;Although bread is a common enough commodity, not all regions have a surplus to sell at trade fairs and markets as is the case in this province.;Si le pain est un produit assez commun, toutes les régions ne disposent de surplus à vendre ou échanger sur les foires et marchés comme c'est le cas dans cette province.;;;;;;;;;;;;x
agriculture3_biere_Q1;Quality Beer;Bière de qualité;;;;;;;;;;;;x
agriculture3_biere_Q1_desc;The rich, golden hues and fine foam are but a few of the selling points for our renowned local beer! Hops are grown here and refined to produce a most delicious brew.\nThe beer from the local breweries is known for its quality and is sought after by enterprising merchants.;Les reflets dorés, la fine mousse couvrant la chope de ce brassin sont à eux seuls de très bons arguments de vente pour notre bière locale ! \nLa bière issue des brasseries de la province sont réputées être de bonne qualité. Une qualité reconnue y compris en dehors de la province.;;;;;;;;;;;;x
agriculture3_biere_Q2;Renowned Beer;Bière réputée;;;;;;;;;;;;x
agriculture3_biere_Q2_desc;The rich, golden hues and fine foam are but a few of the selling points for our renowned local beer! Hops are grown here and refined to produce a most delicious brew.\nThe reputation of the local breweries extend far beyond our borders. That secret brewing technique might be making all the difference...;Les reflets dorés, la fine mousse couvrant la chope de ce brassin sont à eux seuls de très bons arguments de vente pour notre bière locale ! \nLa réputation de la bière locale dépasse largement les limites de la province. On dit qu'un ingrédient secret fait toute la différence...;;;;;;;;;;;;x
agriculture3_biere_Q3;Famous Beer;Bière de haute renommée;;;;;;;;;;;;x
agriculture3_biere_Q3_desc;The rich, golden hues and fine foam are but a few of the selling points for our renowned local beer! Hops are grown here and refined to produce a most delicious brew.\nThe beer produced here is highly coveted for its impeccable quality and unique taste, and many claim it to be simply the best on the markets!;Les reflets dorés, la fine mousse couvrant la chope de ce brassin sont à eux seuls de très bons arguments de vente pour notre bière locale ! \nLa bière de la province a atteint un niveau de renommée sans pareil. Son caractère unique et sa très grande qualité ni sont surement pas pour rien !;;;;;;;;;;;;x
agriculture3_vin_Q1;Quality Wines;Vins de qualité;;;;;;;;;;;;x
agriculture3_vin_Q1_desc;The wineries of this province produce barrels in excess, enough to fill the cellars of all the nobles and burghers of the region.\nThe vintages in this region ;Les chais de la province produisent suffisamment de surplus qui remplissent les caves des nobles et bourgeois de la région.\nLa qualité des vins produits est reconnue même hors la province.;;;;;;;;;;;;x
agriculture3_vin_Q2;Renowned Wines;Vins réputés;;;;;;;;;;;;x
agriculture3_vin_Q2_desc;The wineries of this province produce barrels in excess, enough to fill the cellars of all the nobles and burghers of the region.\nThe reputation of the vintages produced here extend far beyond our borders and samples can be found even in the most distant markets.;Les chais de la province produisent suffisamment de surplus qui remplissent les caves des nobles et bourgeois de la région.\nLa renommée des crus produits ici dépasse largement les frontières et l'on consomme ces vins un peu partout.;;;;;;;;;;;;x
agriculture3_vin_Q3;Famous Wines;Vins de haute renommée;;;;;;;;;;;;x
agriculture3_vin_Q3_desc;The wineries of this province produce barrels in excess, enough to fill the cellars of all the nobles and burghers of the region.\nThe unrivalled excellence of this region's wines are attested by their demand by lords and nobles of any self-respecting court, both near and far.;Les chais de la province produisent suffisamment de surplus qui remplissent les caves des nobles et bourgeois de la région.\nL'excellence des grands vins n'est plus à prouver au regard des exportations qui irriguent le royaume et les cours, parfois même dans des contrées lointaines.;;;;;;;;;;;;x
elevage1;Expansive Pastures;Région Pastorale;;;;;;;;;;;;x
elevage1_desc;After extensive land clearance projects, this area has many green meadows quite suitable for breeding and grazing large herds of animals.;A force d'essartage, la région compte de nombreuses prairies verdoyantes tout à fait propices à l'élevage.;;;;;;;;;;;;x
elevage2_laine;Pastoral: Sheep;Production de LAINE;;;;;;;;;;;;x
elevage2_laine_desc;The hills and pastures of this province are home to many shepherds and their flocks of sheep, from which quality wool is shorn and bundled for sale at the local fairs.;L'élevage prospère dans la province et fournit une belle laine qui fera un malheur à la foire annuelle.;;;;;;;;;;;;x
elevage2_boeuf;Pastoral: Cattle;Élevage: BETAIL;;;;;;;;;;;;x
elevage2_boeuf_desc;Cattle farms dot the countryside, raising bovines renowned for their strength as well as utility, being useful for agriculture as well as meat and leather.;L'élevage prospère dans la province et fournit du bon bétail utile tant aux travaux des champs, tant à la production de viande.;;;;;;;;;;;;x
elevage2_fromage;Pastoral: Dairy;Production de FROMAGE;;;;;;;;;;;;x
elevage2_fromage_desc;Caseiculture and dairy farms prosper in this pastoral province, providing the people with an abundant output of milks, cheeses, and other dairy cultures.;L'élevage prospère dans la province et fournit grâce à son abondante production de lait, fromages et autres délices laitiers nourriciers.;;;;;;;;;;;;x
elevage4_drap;Pastoral: Textiles;Elevage : DRAP;;;;;;;;;;;;x
elevage4_drap_desc;Fine textiles are dyed and woven in this province due to the steady supply of quality wool from the countryside.;;;;;;;;;;;;;x
elevage3_viande;Pastoral: Beef;Elevage : VIANDE;;;;;;;;;;;;x
elevage3_viande_desc;A staple of developing urban societies, meat can never be produced in overabundance. However, the cattle farms here supply the cities of the region with high volumes of quality meat to be cured and sold to the burghers.;;;;;;;;;;;;;x
elevage3_etoffe;Pastoral: Spun Cloth;Elevage : ETOFFE;;;;;;;;;;;;x
elevage3_etoffe_desc;Wool harvested from sheep in the country are woven here into sheets and sold to the cities to be turned into beautiful clothes and drapes.;;;;;;;;;;;;;x
elevage3_cuir;Pastoral: Leather;Elevage : CUIR;;;;;;;;;;;;x
elevage3_cuir_desc;High-quality leather is a major export of this province, useful in industry as well as military applications.;;;;;;;;;;;;;x
elevage2_cheval;Pastoral: Steppe Horses;Elevage : CHEVAL;;;;;;;;;;;;x
elevage2_cheval_desc;The vast expanse of steppe in this province is home to some breeds of uniquely robust horses. The tribesmen have succeeded in taming a significant number to sell to passing merchants as well as to the local lord's stablemaster.;;;;;;;;;;;;;x

foret1;Forests;Forêts;;;;;;;;;;;;x
foret1_desc;This province abounds with thick forests teeming with wildlife and, of course, trees available for exploitation. However, a §YForester§! is needed to manage its resources and ensure its security.;La province abonde de belles forêts. Engager un §YForestier§! est indispensable pour en assurer la gestion et la sécurité.;;;;;;;;;;;;x
#foret2_bois;Forestry: Timber;Forêt : BOIS BRUT;;;;;;;;;;;;x
#foret2_bois_desc;The quality of the lumber harvested from these rich forests permits the production of sturdy wood for use in construction or the manufacture of other products.;Le gros calibre des arbres permet ici de produire du bois qui pourra être transformé pour servir à la construction ou à la fabrication d'objets divers.;;;;;;;;;;;;x
foret2_expl_desc;The quality of the lumber harvested from these rich forests permits the production of sturdy wood for use in construction or the manufacture of other products.;Le gros calibre des arbres permet ici de produire du bois qui pourra être transformé pour servir à la construction ou à la fabrication d'objets divers.;;;;;;;;;;;;x
foret3_charbon;Forestry: Charcoal;Forêt : CHARBON DE BOIS;;;;;;;;;;;;x
foret3_charbon_desc;Small trees and shrubs harvested from the outlying woodlands are turned into charcoal, a effective combustible notably used in glassmaking and metalworking.;Les plus petits arbres et taillis sont ici transformés en charbon de bois, un combustible efficace utilisé notamment pour la fabrication du verre ou la fonte de métal.;;;;;;;;;;;;x
foret2_chasse;Forestry: Hunting demesne;Forêt : Domaine de chasse;;;;;;;;;;;;x
foret2_chasse_desc;The game in these lands are reserved solely for the private use of the lord for hunting. The use of other minor resources on a small scale is permitted but poaching and deforestation are severely punished.;Il s'agit là des terres réservées à l'usage privé du seigneur pour la pratique de la chasse. L'exploitation des autres ressources y est limité et tout braconnage sera durement réprimé.;;;;;;;;;;;;x
foret2_holy;Forestry: Woodland sanctuary;Forêt : Forêt sanctuarisée;;;;;;;;;;;;x
foret2_holy_desc;The majority of these forests have been decreed under sanctuary by the local lord, protecting them from exploitation. Access to resources in these lands are extremely limited.;La plus grande partie de ces forêts a été sanctuarisée pour y abriter des lieux d'ermitage ou de retraite spirituelle, l'accès aux ressources pour les populations y est limité.;;;;;;;;;;;;x
foret2_expl;Forestry: Exploited forest;Forêt : Forêt exploitée;;;;;;;;;;;;x
#foret2_expl_desc;The abundant resources of these forests are actively being exploited for purposes of industry.;Forêt exploitée;;;;;;;;;;;;x
foret3_planche;Forestry: Lumber;Forêt : BOIS;;;;;;;;;;;;x
foret3_planche_desc;Wood harvested from the many forests in this region is then processed and made available as lumber for construction and industry.;;;;;;;;;;;;;x
foret4_verre;Forestry: GLASS;Forêt : VERRE;;;;;;;;;;;;x
foret4_verre_desc;These woods have much-needed combustible material and are fueling a thriving glass-making industry in this region.;Le bois abondant fournit le combustible à nombre de verriers qui pullulent dans les forêts.;;;;;;;;;;;;x

pierre1;Stone Deposits;Gisements de Pierre;;;;;;;;;;;;x
pierre1_desc;The characteristic rock faces of the region could potentially be mined for stone, whether to be used for simple paving or cut into blocks for more complex construction projects.;Le caractère rocheux de la région, présente un bon potentiel pour fournir de la pierre, qu'il s'agisse de simple remblai ou de blocs de pierres à tailler pour servir à la construction.;;;;;;;;;;;;x
pierre2_pierre_brute;Masonry: Stone;Extraction de PIERRE;;;;;;;;;;;;x
pierre2_pierre_brute_desc;The stone extracted here supply the stone-masons of the region.;La roche extraite ici fournira les tailleurs de pierre de la région.;;;;;;;;;;;;x
pierre3_pierre_taille;Masonry: Worked Stone;PIERRE de taille;;;;;;;;;;;;x
pierre3_pierre_taille_desc;The stonemasons' guilds ring with the sounds of chisels and saws to fulfill the many orders for cut stone from the local lords to bring their construction projects to completion.;blup blup blup ! ;;;;;;;;;;;;x
minerai1;Mineral Deposit;Gisement Minéral;;;;;;;;;;;;x
minerai1_desc;The sub-soil in this region holds a high concentration of various mineral veins. It might be time to create the infrastructure necessary to exploit these riches.;Le sous-sol présente ici une concentration supérieure en filons de différents minéraux. Il serait peut être temps d'en commencer une exploitation plus rationnelle.;;;;;;;;;;;;x
minerai1_sel;Salt Mineral Deposit;Gisement de Sel Minéral;;;;;;;;;;;;x
minerai1_sel_desc;The sub-soil in this region holds a high concentration of salt mineral veins. It might be time to create the infrastructure necessary to exploit these riches.;Le sous-sol présente ici une concentration supérieure en filons de sels minéraux. Il serait peut être temps d'en commencer une exploitation plus rationnelle.;;;;;;;;;;;;x
minerai2_fer;Mining: Raw Ores;Extraction de MINERAI;;;;;;;;;;;;x
minerai2_fer_desc;The local mines exploit the mineral riches of the sub-soil and export raw ores to be smelted into various useful metals.;Les mines exploitent ici les richesses minérales du sous-sol et fournissent du minerai de différents métaux.;;;;;;;;;;;;x
minerai2_sel_gemme;Mining: Salt;Extraction de SEL;;;;;;;;;;;;x
minerai2_sel_gemme_desc;The local mines delve deep into the sub-soil and boil the extracted brine in significant quantities to supply local markets with precious salt crystals.;Les richesses minérales du sous-sol sont ici exploitées et fournissent de belles gemmes de sel.;;;;;;;;;;;;x
minerai3_metal;Mining: Iron;METAL;;;;;;;;;;;;x
minerai3_metal_desc;The mineral riches of the subsoil yield significant quantities of iron, useful for the manufacture of tools as well as weapons.;Les richesses minérales du sous-sol combinées au savoir faire des artisans permet une production abondante de métal de qualité, objet d'un commerce local foisonnant.;;;;;;;;;;;;x
minerai2_cuivre;Mining: Copper;CUIVRE;;;;;;;;;;;;x
minerai2_cuivre_desc;The mineral riches of the subsoil yield significant quantities of copper, useful for the manufacture of tools as well as coinage.;;;;;;;;;;;;;x
minerai2_or;Mining: Gold;OR;;;;;;;;;;;;x
minerai2_or_desc;The mineral riches of the subsoil yield significant quantities of gold, useful for the manufacture of luxury goods as well as coinage.;;;;;;;;;;;;;x
minerai3_sel_raffine;Mining: Refined Salt;SEL raffiné;;;;;;;;;;;;x
minerai3_sel_raffine_desc;The crude salt harvested in this region is refined into pure white crystals for a number of different uses.;Le sel brut récolté aux alentours est ici raffiné pour être utilisé pour nombre d'usages.;;;;;;;;;;;;x
minerai4_outils;Mining: Metal Tools;OUTILS en métal;;;;;;;;;;;;x
minerai4_outils_desc;The abundance and quality of quality smelted metals permits the forging of more robust and durable tools to fuel the region's developing industries.;L'abondance et la qualité des métaux disponibles permettent la fabrication d'outils toujours plus solides et performants qui s'arrancent sur les marchés et foires.;;;;;;;;;;;;x
minerai3_salaison;Mining: Salt Curing;SALAISONS;;;;;;;;;;;;x
minerai3_salaison_desc;The abundance of salt makes it cheaper in this province, allowing it to be commonly used in conserving food. These salted products last longer, travel farther before spoiling, and can be sold regionally.;L'abondance de sel le rend meilleur marché dans cette province, ce qui en rend l'usage pour la conservation plus commun. Ces même salaisons voyagent bien mieux et peuvent donc être vendues dans toute la région.;;;;;;;;;;;;x
minerai4_armes;Mining: Arms;ARMES;;;;;;;;;;;;x
minerai4_armes_desc;The iron produced here is then transformed into armor and arms to equip the local lord's armies.;Le métal forgé sert ici à fabriquer pièces d'armures, boucliers, armes tranchantes ou contendantes. Leur usage est réservé à la classe militaire. ;;;;;;;;;;;;x

has_fishing_harbour;§YSea fishing provincial harbor§!;§YPort de pêche provincial§!;;;;;;;;;;;;x
has_shipyard;§YProvincial shipyard§!;§YChantier naval provincial§!;;;;;;;;;;;;x

#peche1;Abundant Fishing;Région de Pèche;;;;;;;;;;;;x
#peche1_desc;The bountiful waters that border these coasts, in addition to feeding the local population, have the potential for more profitable operations.;Les eaux poissonneuses qui bordent ces côtes, en plus de nourrir la population locale, ont probablement le potentiel pour une exploitation plus rémunératrice.;;;;;;;;;;;;x
peche2_poisson;Fishing Villages;Région de Pèche;;;;;;;;;;;;x
peche2_poisson_desc;The waters around the province wriggle in silver fish and a number of small fishing villages have established themselves along the coast.;Les eaux bordant cette province frétillent de poissons aux reflets argentés... il ne reste qu'à aller les cueillir !;;;;;;;;;;;;x
#pisci1;Bountiful Waters;Potentiel pour la Pisciculture;;;;;;;;;;;;x
#pisci1_desc;The many lakes and rivers in the area are well-suited for the potential cultivation and harvesting of freshwater fish.;Les nombreux étangs et rivières de la région se prêtent très bien à l'élevage de poissons d'eau douce. Probablement une idée à creuser.;;;;;;;;;;;;x
#pisci2_poisson;Aquaculture: Freshwater Fish;Région Piscicole;;;;;;;;;;;;x
#pisci2_poisson_desc;Whether in the wild or in small ponds, fish farming feeds the region's and supplies the larders of the local nobles with a delicious supplement to their luxurious feasts.;Que ce soit en milieu naturel ou dans les étangs artificiels qui se multiplient, l'activité piscicole nourrit les populations et approvisionnent les tables nobles de la région en produit frais.;;;;;;;;;;;;x
peche_pisci3_fumaison;Aquaculture: Smoked Fish;FUMAISONS;;;;;;;;;;;;x
peche_pisci3_fumaison_desc;The best way to store and transport such an abundance of fish continues to be smoking them, which has become a specialty of this province.;Le meilleur moyen de conserver et transporter une telle abondance de poisson reste encore le traitement par fumaison, qui est par ailleurs devenue une spécialité de cette province.;;;;;;;;;;;;x
peaux2_fourrure;Trade: Furs;FOURRURES;;;;;;;;;;;;x
peaux2_fourrure_desc;Pelts and furs arriving by the trade routes running through the region assure comfortable revenue margins and delight those who want to show their wealth for all to see!;Peaux et fourrures arrivées par les routes commerciales assurent des marges de reventes confortables et réjouissent tous les ceux qui veulent exposer leur richesse aux yeux de tous !;;;;;;;;;;;;x
joyaux2_bijoux;Trade: Jewelry;JOYAUX;;;;;;;;;;;;x
joyaux2_bijoux_desc;Jewelry, precious stones and jewels are not for everyone, but the vanity of wealthy burghers and nobles are more than enough to fill the coffers of dusty merchants.;Bijoux, pierres précieuses et joyaux ne sont pas à la portée de tous, néanmoins ils trouvent acheteurs et remplissent les caisses des marchands poussiéreux.;;;;;;;;;;;;x
epices2_epices;Trade: Spices;EPICES;;;;;;;;;;;;x
epices2_epices_desc;The spice must flow !;Les épices, l'or des marchands qui arpentent le monde à leur recherche. Très rares et très chères, elles ont fait la fortune de certains d'entres eux.;;;;;;;;;;;;x

foret_poor;Diminished Forests;Forêt Amoindrie;;;;;;;;;;;;x
foret_poor_desc;The forests have suffered from over-exploitation and reduced the quantity and quality of the resources extracted.;Les forêts ici ont souffert d'une surexploitation ce qui amoindrie leur surface et leur rendement.;;;;;;;;;;;;x
recolte_bonne;Bountiful Harvests;Bonne Récolte;;;;;;;;;;;;x
recolte_bonne_desc;The harvests have been excellent and the granaries are overflowing with crops for the coming winter. The surpluses have been distributed to be sold in the local markets, resulting in happier peasants and increased revenues.;;;;;;;;;;;;x
recolte_mauvaise;Poor Harvest;Mauvaise Récolte;;;;;;;;;;;;x
recolte_mauvaise_desc;The harvests have been poor this year and there is doubt that the people will be able to survive the coming winter. Popular unrest and decreased taxes may very well be in sight.;;;;;;;;;;;;x
peche_bonne;Bountiful Fishing;Pêche abondante;;;;;;;;;;;;x
peche_bonne_desc;The fishing is very good this year and food should not be in short supply this winter. Well-fed fishermen are happy fishermen and less averse to pay taxes.;Cette Année la pêche a été supérieur des pêcheurs bien nourris sont des pêcheurs contents et qui rechignent moins à payer leurs taxes.;;;;;;;;;;;;x
peche_mauvaise;Poor Fishing;Pêche médiocre;;;;;;;;;;;;x
peche_mauvaise_desc;It has been a very bad fishing season and the coming winter does not bode well. Decreased revenues and risk of revolt are on the menu in place of the fish...;La très mauvaise saison de pêche n'augure rien de bon, revenus en berne et risques de révoltes sont au menu à défaut de poisson...;;;;;;;;;;;;x
mine_stop;Stopped mines;Mines arrêtées;;;;;;;;;;;;x
mine_stop_desc;The province mines were stopped because there is no more ore.\nThe mining industry gives no more money the local economy is affected.;Les mines de la provinces ont été arrêtées faute de minerai.\nL'industrie minière ne rapporte plus et l'économie locale est touchée.;;;;;;;;;;;;x
mine_productivite_moins;Low Mining Productivity;Activité minière ralentie;;;;;;;;;;;;x
mine_productivite_moins_desc;Recent troubles have lowered mining productivity;Des problèmes récents ont causé le ralentissement de l'activité de la mine. \n  La diminution du stock potentiel de minerai restant est plus lente.;;;;;;;;;;;;x
mine_productivite_plus;High mining productivity;Productivité minière plus élevée;;;;;;;;;;;;x
mine_productivite_plus_desc; ;La productivité de la mine est améliorée grâce à une meilleure organisation ou de nouvelles méthodes.\n Le stock potentiel de minerai restant diminue plus rapidement.;;;;;;;;;;;;x
#mine_accident;Mining Accident;Accident minier;;;;;;;;;;;;x
#mine_accident_desc;A collapse of one of the major shafts have resulted in the deaths of some miners.;Certains ouvriers sont morts récemment dans la mine;;;;;;;;;;;;x
#mine_filon;Recently discovered lode;Filon de minerai;;;;;;;;;;;;x
#mine_filon_desc;A new lode has recently been discovered by our surveyors! Productivity will temporarily increase as workers flock to the new mines.;Un nouveau filon de minerai a été récemment découvert. La productivité s'en trouve améliorée temporairement.;;;;;;;;;;;;x
industrie_prospere;Economic Prosperity;Industrie prospère;;;;;;;;;;;;x
industrie_prospere_desc;The continued peace has allowed commerce and industry to prosper.;La paix permet à l'industrie de prospérer.;;;;;;;;;;;;x
meteo_inondation;Floods;Inondations;;;;;;;;;;;;x
meteo_inondation_desc;Recent torrential rains provocated floodings int he province. \nThis could affect negatively the §Yeconomic developpement§!.;Les récentes pluies torrentielles ont provoqué des inondations dans la province. \nCela risque d'affecter négativement le §Ydéveloppement économique§!.;;;;;;;;;;;;x
meteo_inondation_tooltip;The province is affected by floods and will take some time to recover.;Les inondations dans la province ralentissent l'économie. \nLe temps de remettre la province sur pieds est variable.;;;;;;;;;;;;x
meteo_secheresse;Drought;Sécheresse;;;;;;;;;;;;x
meteo_secheresse_desc;The soil is very dry this year and the water levels are low. \nOne could expect bad crops this year that will affect negatively the §Yeconomic developpement§!.;Les sols sont secs, le niveau des rivières plus bas qu'à l'habitude en cette période. \nCela pourrait compromettre le rendement des récoltes de l'année et pénaliser le §Ydéveloppement économique§!.;;;;;;;;;;;;x
meteo_secheresse_tooltip;The province is affected by drought, hopefully not for too long.;La province souffre de sécheresse, en espérant que cela dure pas trop longtemps.;;;;;;;;;;;;x
redaction_dun_cadastre;Provincial Survey;Cadastre provincial;;;;;;;;;;;;x
redaction_dun_cadastre_desc;In light of the clear obsolescence of the current land registry, the local lord has commissioned a new survey of the lands owned and rents due in this province. This will allow for greater control over the imposition and collection of taxes.;Le souverain local a fait rédigé un cadastre de la province. Ce qui permet un meilleur suivi de l'imposition. Malheureusement il est difficile de tenir un tel registre à jour sur la durée sans volonté du pouvoir en place.;;;;;;;;;;;;x
CHRONICLE_CADASTRE;In this most fortuitous year, [Root.GetTitledFirstName] commissioned the compilation of a new land registry. After months of careful account, a full and complete survey of incomes and rents was completed in [From.Location.GetName].;En cette glorieuse année, [Root.GetTitledFirstName] a fait rédigé un grand registre cadastral de la province de [From.Location.GetName]. Ceci a permis d'améliorer significativement les rentrées fiscales pendant les années qui ont suivi.;;;;;;;;;;;;x

pont_fluvial;Bridge;Pont;;;;;;;;;;;;x
pont_fluvial_desc;The bridge over this crucial river crossing serves both to facilitate commerce as well as generate revenues through the collection of tolls.;Le pont qui enjambe cet important cours d'eau est un passage obligé pour de nombreux marchands qui peut être mis à profit pour générer des revenus confortables par une politique de prélèvement de droits de péages.;;;;;;;;;;;;x

province_cotiere;Sea access;Accès à la mer;;;;;;;;;;;;x
province_cotiere_desc;This province benefits from being beside the sea or a large inland body of water lake favoring trade and fishing.;Cette province bénéficie d'une situation en bord de mer ou d'un grand lac propice au commerce et à la pêche.;;;;;;;;;;;;x
route_fluviale;River Trade Route;Voie commerciale fluviale;;;;;;;;;;;;x
route_fluviale_desc;Trade passes along this major river.;Le transit commercial se fait ici par voie fluviale.;;;;;;;;;;;;x
route_terrestre;Continental Trade Route;Route de commerce;;;;;;;;;;;;x
route_terrestre_desc;The trade route that passes through the province is frequented by many merchant caravans.;La route traversant la province est fréquentée par les marchands de passage.;;;;;;;;;;;;x
province_terrestre;Landlocked Province;Province continentale;;;;;;;;;;;;x
province_terrestre_desc;This province is practically landlocked and does not benefit from access to any bodies of water.;Cette province ne bénéficie pas d'un accès à la mer.;;;;;;;;;;;;x
province_fleuve;River Province;Cours d'eau;;;;;;;;;;;;x
province_fleuve_desc;A river large enough to transport merchandise and facilitate trade flows here, and is also an obstacle to movement over land. Constructing a bridge would greatly benefit this situation.;La province est traversée par un ou plusieurs cours d'eau permettant le transport de marchandises mais rendant également difficile le passage d'une rive à l'autre, évidemment, aménager des chemins de halage ou construire un pont serait profitable.;;;;;;;;;;;;x
future_route;Trade Potential;Potentiel commercial;;;;;;;;;;;;x
future_route_desc;Were the local lord to invest in the requisite infrastructure, the thriving markets here would likely encourage the development of a major trade route through this province.;Des marchands ont trouvé un intérêt à passer par la province. Malheureusement l'infrastructure routière laisse à désirer.;;;;;;;;;;;;x

noeud_commercial_annexe;Minor Center of Trade;Nœud commercial secondaire;;;;;;;;;;;;x
noeud_commercial_annexe_desc;A less commonly frequented center of trade.\nThe influx of trade in this province benefits the cities.;Ce nœud commercial d'importance moindre fait le lien entre plusieurs routes commerciales.\nCela profite principalement aux cités.;;;;;;;;;;;;x
noeud_commercial_primaire;Major Center of Trade;Nœud commercial;;;;;;;;;;;;x
noeud_commercial_primaire_desc;This province is the center from which many major trade routes begin and end.\nThis can be extended by investing in land or river routes. \nDeveloped centers of trade give acesss to luxury goods.;L'une des cités de cette province est le point de départ d'un réseau commercial local plus ou moins étendu et influant.\nCe réseau peut être étendu en favorisant le développement de routes terrestres ou fluviales connectées à ce centre de commerce.\nLorsque ce centre de commerce devient suffisamment important, l'on peut y trouver des biens rares venus de loin.;;;;;;;;;;;;x
prosperity_modifier_2;Major Center of Trade;Nœud commercial;;;;;;;;;;;;x
desc_prosperity_modifier_2;This province is the center from which many major trade routes begin and end.\nThis can be extended by investing in land or river routes. \nDeveloped centers of trade give acesss to luxury goods.;L'une des cités de cette province est le point de départ d'un réseau commercial local plus ou moins étendu et influant.\nCe réseau peut être étendu en favorisant le développement de routes terrestres ou fluviales connectées à ce centre de commerce.\nLorsque ce centre de commerce devient suffisamment important, l'on peut y trouver des biens rares venus de loin.;;;;;;;;;;;;x

paix_de_dieu;Peace of God;Paix de Dieu;;;;;;;;;;;;x

route_size1;Trade Zone I;Zone commerciale I;;;;;;;;;;;;x
route_size1_desc;This indicates the level of the influence of this trade centre over the neighboring region.;Cet indicateur mesure l'étendue de l'influence régionale de ce centre de commerce.;;;;;;;;;;;;x
route_size2;Trade Zone II;Zone commerciale II;;;;;;;;;;;;x
route_size2_desc;This indicates the level of the influence of this trade centre over the neighboring region.;Cet indicateur mesure l'étendue de l'influence régionale de ce centre de commerce.;;;;;;;;;;;;x
route_size3;Trade Zone III;Zone commerciale III;;;;;;;;;;;;x
route_size3_desc;This indicates the level of the influence of this trade centre over the neighboring region.;Cet indicateur mesure l'étendue de l'influence régionale de ce centre de commerce.;;;;;;;;;;;;x
route_size4;Trade Zone IV;Zone commerciale IV;;;;;;;;;;;;x
route_size4_desc;This indicates the level of the influence of this trade centre over the neighboring region.;Cet indicateur mesure l'étendue de l'influence régionale de ce centre de commerce.;;;;;;;;;;;;x
route_size5;Trade Zone V;Zone commerciale V;;;;;;;;;;;;x
route_size5_desc;This indicates the level of the influence of this trade centre over the neighboring region.;Cet indicateur mesure l'étendue de l'influence régionale de ce centre de commerce.;;;;;;;;;;;;x

trad_chretienne;Christian Tradition;Tradition chrétienne;;;;;;;;;;;;x
trad_musulmane;Muslim Tradition;Tradition musulmane;;;;;;;;;;;;x
trad_autre;Other Religious Traditions;Autres traditions religieuses;;;;;;;;;;;;x
minorite_chretienne;Christian Minority;Minorité chrétienne;;;;;;;;;;;;x
minorite_chretienne_desc;Christian communities are present in this province. They have either traditionally settled here or have been attracted to these lands by the gracious tolerance allowed them by the sovereign.;Des communautés chrétiennes vivent dans cette province. Elles peuvent avoir traditionnellement vécu ici depuis longtemps ou ont été attirées par la tolérance religieuse dont fait preuve le suzerain.;;;;;;;;;;;;x
minorite_musulmane;Muslim Minority;Minorité musulmane;;;;;;;;;;;;x
minorite_musulmane_desc;Muslim communities are present in this province. They have either traditionally settled here or have been attracted to these lands by the gracious tolerance allowed them by the sovereign.;Des communautés musulmanes vivent dans cette province. Elles peuvent avoir traditionnellement vécu ici depuis longtemps ou ont été attirées par la tolérance religieuse dont fait preuve le suzerain.;;;;;;;;;;;;x

feodal_prod_L1;FEUDAL MANOR;BOURG SEIGNEURIAL;;;;;;;;;;;;x
feodal_prod_L1_desc;Designating this holding as a §YFeudal Manor§! allows the holder to focus solely on production of raw goods to be used by the local lord or sold in the markets.\nThe manorial system places the peasants of the land as serfs bound to serve and pay tributes to a local lord in exchange for protection.;Le bourg seigneurial est le type de domaine le plus répandu. Il est le siège d'un château plus ou moins important et constitue donc un relais de votre autorité. C'est un domaine à dominante rurale tout ce qu'il a de plus commun. \n\nLe développement économique et démogropahique du domaine augmente chaque année, sauf si : \n -le domaine est occupé, le cas échéant le domaine stagne.\n -le domaine est assiégé, le cas échéant le domaine stagne. \n -En cas d'épidémie, le dévelopement va régresser le temps que durera l'épidémie. \n -Lors d'un pillage de barbares, le niveau de développement va régresser fortement. ;;;;;;;;;;;;x
feodal_prod_L2;FEUDAL MANOR;BOURG SEIGNEURIAL;;;;;;;;;;;;x
feodal_prod_L2_desc;Designating this holding as a §YFeudal Manor§! allows the holder to focus solely on production of raw goods to be used by the local lord or sold in the markets.\nThe manorial system places the peasants of the land as serfs bound to serve and pay tributes to a local lord in exchange for protection.;Le bourg seigneurial est le type de domaine le plus répandu. Il est le siège d'un château plus ou moins important et constitue donc un relais de votre autorité. C'est un domaine à dominante rurale tout ce qu'il a de plus commun. \n\nLe développement économique et démogropahique du domaine augmente chaque année, sauf si : \n -le domaine est occupé, le cas échéant le domaine stagne.\n -le domaine est assiégé, le cas échéant le domaine stagne. \n -En cas d'épidémie, le dévelopement va régresser le temps que durera l'épidémie. \n -Lors d'un pillage de barbares, le niveau de développement va régresser fortement. ;;;;;;;;;;;;x
feodal_prod_L3;FEUDAL MANOR;BOURG SEIGNEURIAL;;;;;;;;;;;;x
feodal_prod_L3_desc;Designating this holding as a §YFeudal Manor§! allows the holder to focus solely on production of raw goods to be used by the local lord or sold in the markets.\nThe manorial system places the peasants of the land as serfs bound to serve and pay tributes to a local lord in exchange for protection.;Le bourg seigneurial est le type de domaine le plus répandu. Il est le siège d'un château plus ou moins important et constitue donc un relais de votre autorité. C'est un domaine à dominante rurale tout ce qu'il a de plus commun. \n\nLe développement économique et démogropahique du domaine augmente chaque année, sauf si : \n -le domaine est occupé, le cas échéant le domaine stagne.\n -le domaine est assiégé, le cas échéant le domaine stagne. \n -En cas d'épidémie, le dévelopement va régresser le temps que durera l'épidémie. \n -Lors d'un pillage de barbares, le niveau de développement va régresser fortement. ;;;;;;;;;;;;x
feodal_prod_L4;FEUDAL MANOR;BOURG SEIGNEURIAL;;;;;;;;;;;;x
feodal_prod_L4_desc;Designating this holding as a §YFeudal Manor§! allows the holder to focus solely on production of raw goods to be used by the local lord or sold in the markets.\nThe manorial system places the peasants of the land as serfs bound to serve and pay tributes to a local lord in exchange for protection.;Le bourg seigneurial est le type de domaine le plus répandu. Il est le siège d'un château plus ou moins important et constitue donc un relais de votre autorité. C'est un domaine à dominante rurale tout ce qu'il a de plus commun. \n\nLe développement économique et démogropahique du domaine augmente chaque année, sauf si : \n -le domaine est occupé, le cas échéant le domaine stagne.\n -le domaine est assiégé, le cas échéant le domaine stagne. \n -En cas d'épidémie, le dévelopement va régresser le temps que durera l'épidémie. \n -Lors d'un pillage de barbares, le niveau de développement va régresser fortement. ;;;;;;;;;;;;x
feodal_prod_L5;FEUDAL MANOR;BOURG SEIGNEURIAL;;;;;;;;;;;;x
feodal_prod_L5_desc;Designating this holding as a §YFeudal Manor§! allows the holder to focus solely on production of raw goods to be used by the local lord or sold in the markets.\nThe manorial system places the peasants of the land as serfs bound to serve and pay tributes to a local lord in exchange for protection.;Le bourg seigneurial est le type de domaine le plus répandu. Il est le siège d'un château plus ou moins important et constitue donc un relais de votre autorité. C'est un domaine à dominante rurale tout ce qu'il a de plus commun. \n\nLe développement économique et démogropahique du domaine augmente chaque année, sauf si : \n -le domaine est occupé, le cas échéant le domaine stagne.\n -le domaine est assiégé, le cas échéant le domaine stagne. \n -En cas d'épidémie, le dévelopement va régresser le temps que durera l'épidémie. \n -Lors d'un pillage de barbares, le niveau de développement va régresser fortement. ;;;;;;;;;;;;x
feodal_mil_L1;FORTRESS;FORTERESSE;;;;;;;;;;;;x
feodal_mil_L1_desc;Designating this holding as a §YCitadel§! allows the holder to develop it from a military outpost to a veritable fortress, capable of supporting and protecting large numbers of highly-trained troops behind its impregnable walls.;Choisir cette voie mènera à développer ce domaine d'un simple poste frontière à un véritable fort, fournissant troupes en nombre et offrant une efficace protection derrière ses murs. \n\nLe développement économique et démogropahique du domaine augmente chaque année, sauf si : \n -le domaine est occupé, le cas échéant le domaine stagne.\n -le domaine est assiégé, le cas échéant le domaine stagne. \n -En cas d'épidémie, le dévelopement va régresser le temps que durera l'épidémie. \n -Lors d'un pillage de barbares, le niveau de développement va régresser fortement. ;;;;;;;;;;x
feodal_mil_L2;FORTRESS;FORTERESSE;;;;;;;;;;;;x
feodal_mil_L2_desc;Designating this holding as a §YCitadel§! allows the holder to develop it from a military outpost to a veritable fortress, capable of supporting and protecting large numbers of highly-trained troops behind its impregnable walls.;Choisir cette voie mènera à développer ce domaine d'un simple poste frontière à un véritable fort, fournissant troupes en nombre et offrant une efficace protection derrière ses murs. \n\nLe développement économique et démogropahique du domaine augmente chaque année, sauf si : \n -le domaine est occupé, le cas échéant le domaine stagne.\n -le domaine est assiégé, le cas échéant le domaine stagne. \n -En cas d'épidémie, le dévelopement va régresser le temps que durera l'épidémie. \n -Lors d'un pillage de barbares, le niveau de développement va régresser fortement. ;;;;;;;;;;x
feodal_mil_L3;FORTRESS;FORTERESSE;;;;;;;;;;;;x
feodal_mil_L3_desc;Designating this holding as a §YCitadel§! allows the holder to develop it from a military outpost to a veritable fortress, capable of supporting and protecting large numbers of highly-trained troops behind its impregnable walls.;Choisir cette voie mènera à développer ce domaine d'un simple poste frontière à un véritable fort, fournissant troupes en nombre et offrant une efficace protection derrière ses murs. \n\nLe développement économique et démogropahique du domaine augmente chaque année, sauf si : \n -le domaine est occupé, le cas échéant le domaine stagne.\n -le domaine est assiégé, le cas échéant le domaine stagne. \n -En cas d'épidémie, le dévelopement va régresser le temps que durera l'épidémie. \n -Lors d'un pillage de barbares, le niveau de développement va régresser fortement. ;;;;;;;;;;x
feodal_mil_L4;FORTRESS;FORTERESSE;;;;;;;;;;;;x
feodal_mil_L4_desc;Designating this holding as a §YCitadel§! allows the holder to develop it from a military outpost to a veritable fortress, capable of supporting and protecting large numbers of highly-trained troops behind its impregnable walls.;Choisir cette voie mènera à développer ce domaine d'un simple poste frontière à un véritable fort, fournissant troupes en nombre et offrant une efficace protection derrière ses murs. \n\nLe développement économique et démogropahique du domaine augmente chaque année, sauf si : \n -le domaine est occupé, le cas échéant le domaine stagne.\n -le domaine est assiégé, le cas échéant le domaine stagne. \n -En cas d'épidémie, le dévelopement va régresser le temps que durera l'épidémie. \n -Lors d'un pillage de barbares, le niveau de développement va régresser fortement. ;;;;;;;;;;x
feodal_mil_L5;FORTRESS;FORTERESSE;;;;;;;;;;;;x
feodal_mil_L5_desc;Designating this holding as a §YCitadel§! allows the holder to develop it from a military outpost to a veritable fortress, capable of supporting and protecting large numbers of highly-trained troops behind its impregnable walls.;Choisir cette voie mènera à développer ce domaine d'un simple poste frontière à un véritable fort, fournissant troupes en nombre et offrant une efficace protection derrière ses murs. \n\nLe développement économique et démogropahique du domaine augmente chaque année, sauf si : \n -le domaine est occupé, le cas échéant le domaine stagne.\n -le domaine est assiégé, le cas échéant le domaine stagne. \n -En cas d'épidémie, le dévelopement va régresser le temps que durera l'épidémie. \n -Lors d'un pillage de barbares, le niveau de développement va régresser fortement. ;;;;;;;;;;x
feodal_adm_L1;FEODAL CITY;CITÉ SEIGNEURIALE;;;;;;;;;;;;x
feodal_adm_L1_desc;Designating this holding as an §YAdministrative Center§! allows the holder to further develop the capacity of this province to serve as the regional capital. As such, it can support a large population and garrison behind thick, defensible walls to protect those living inside.;Cette cité abrite un centre de politique important et convient tout à fait pour y installer votre résidence et votre capitale. Elle abrite une population non négligeable, protégée derrière d'épais murs et défendue par une puissante garnison. C'est là aussi que se concentre votre pouvoir administratif... quand vous en avez un ! \n\nLe développement économique et démogropahique du domaine augmente chaque année, sauf si : \n -le domaine est occupé, le cas échéant le domaine stagne.\n -le domaine est assiégé, le cas échéant le domaine stagne. \n -En cas d'épidémie, le dévelopement va régresser le temps que durera l'épidémie. \n -Lors d'un pillage de barbares, le niveau de développement va régresser fortement. ;;;;;;;;;;x;;
feodal_adm_L2;FEODAL CITY;CITÉ SEIGNEURIALE;;;;;;;;;;;;x
feodal_adm_L2_desc;Designating this holding as an §YAdministrative Center§! allows the holder to further develop the capacity of this province to serve as the regional capital. As such, it can support a large population and garrison behind thick, defensible walls to protect those living inside.;Cette cité abrite un centre de politique important et convient tout à fait pour y installer votre résidence et votre capitale. Elle abrite une population non négligeable, protégée derrière d'épais murs et défendue par une puissante garnison. C'est là aussi que se concentre votre pouvoir administratif... quand vous en avez un !;;;;;;;;;;x;;
feodal_adm_L3;FEODAL CITY;CITÉ SEIGNEURIALE;;;;;;;;;;;;x
feodal_adm_L3_desc;Designating this holding as an §YAdministrative Center§! allows the holder to further develop the capacity of this province to serve as the regional capital. As such, it can support a large population and garrison behind thick, defensible walls to protect those living inside.;Cette cité abrite un centre de politique important et convient tout à fait pour y installer votre résidence et votre capitale. Elle abrite une population non négligeable, protégée derrière d'épais murs et défendue par une puissante garnison. C'est là aussi que se concentre votre pouvoir administratif... quand vous en avez un !;;;;;;;;;;x;;
feodal_adm_L4;FEODAL CITY;CITÉ SEIGNEURIALE;;;;;;;;;;;;x
feodal_adm_L4_desc;Designating this holding as an §YAdministrative Center§! allows the holder to further develop the capacity of this province to serve as the regional capital. As such, it can support a large population and garrison behind thick, defensible walls to protect those living inside.;Cette cité abrite un centre de politique important et convient tout à fait pour y installer votre résidence et votre capitale. Elle abrite une population non négligeable, protégée derrière d'épais murs et défendue par une puissante garnison. C'est là aussi que se concentre votre pouvoir administratif... quand vous en avez un !;;;;;;;;;;x;;
feodal_adm_L5;FEODAL CITY;CITÉ SEIGNEURIALE;;;;;;;;;;;;x
feodal_adm_L5_desc;Designating this holding as an §YAdministrative Center§! allows the holder to further develop the capacity of this province to serve as the regional capital. As such, it can support a large population and garrison behind thick, defensible walls to protect those living inside.;Cette cité abrite un centre de politique important et convient tout à fait pour y installer votre résidence et votre capitale. Elle abrite une population non négligeable, protégée derrière d'épais murs et défendue par une puissante garnison. C'est là aussi que se concentre votre pouvoir administratif... quand vous en avez un !;;;;;;;;;;x;;
monastere_L1;MONASTERY;MONASTÈRE;;;;;;;;;;;;x
monastere_L1_desc;Specializing this holding as a §YMonastic Town§! allows the holder to facilitate the growth of a thriving monastic community. These humble, isolated institutions act as repositories of knowledge as well as tend to the people's illnesses and disease. Some orders are also actively involved in land reclamation and small-scale industry.;"Travail et Prière" : tel est le crédo de la vie monastique. Souvent isolés, les institutions monastiques sont les conservatoires du savoir et source d'éducation. Vous pouvez compter sur ces communautés pour leurs rôles dans le défrichement de terres nouvelles et également soigner les maux de tous. \n\nLe développement économique et démogropahique du domaine augmente chaque année, sauf si : \n -le domaine est occupé, le cas échéant le domaine stagne.\n -le domaine est assiégé, le cas échéant le domaine stagne. \n -En cas d'épidémie, le dévelopement va régresser le temps que durera l'épidémie. \n -Lors d'un pillage de barbares, le niveau de développement va régresser fortement. ;;;;;;;;;;x
monastere_L2;MONASTERY;MONASTÈRE;;;;;;;;;;;;x
monastere_L2_desc;Specializing this holding as a §YMonastic Town§! allows the holder to facilitate the growth of a thriving monastic community. These humble, isolated institutions act as repositories of knowledge as well as tend to the people's illnesses and disease. Some orders are also actively involved in land reclamation and small-scale industry.;"Travail et Prière" : tel est le crédo de la vie monastique. Souvent isolés, les institutions monastiques sont les conservatoires du savoir et source d'éducation. Vous pouvez compter sur ces communautés pour leurs rôles dans le défrichement de terres nouvelles et également soigner les maux de tous.;;;;;;;;;;x
monastere_L3;MONASTERY;MONASTÈRE;;;;;;;;;;;;x
monastere_L3_desc;Specializing this holding as a §YMonastic Town§! allows the holder to facilitate the growth of a thriving monastic community. These humble, isolated institutions act as repositories of knowledge as well as tend to the people's illnesses and disease. Some orders are also actively involved in land reclamation and small-scale industry.;"Travail et Prière" : tel est le crédo de la vie monastique. Souvent isolés, les institutions monastiques sont les conservatoires du savoir et source d'éducation. Vous pouvez compter sur ces communautés pour leurs rôles dans le défrichement de terres nouvelles et également soigner les maux de tous.;;;;;;;;;;x
monastere_L4;MONASTERY;MONASTÈRE;;;;;;;;;;;;x
monastere_L4_desc;Specializing this holding as a §YMonastic Town§! allows the holder to facilitate the growth of a thriving monastic community. These humble, isolated institutions act as repositories of knowledge as well as tend to the people's illnesses and disease. Some orders are also actively involved in land reclamation and small-scale industry.;"Travail et Prière" : tel est le crédo de la vie monastique. Souvent isolés, les institutions monastiques sont les conservatoires du savoir et source d'éducation. Vous pouvez compter sur ces communautés pour leurs rôles dans le défrichement de terres nouvelles et également soigner les maux de tous.;;;;;;;;;;x
monastere_L5;MONASTERY;MONASTÈRE;;;;;;;;;;;;x
monastere_L5_desc;Specializing this holding as a §YMonastic Town§! allows the holder to facilitate the growth of a thriving monastic community. These humble, isolated institutions act as repositories of knowledge as well as tend to the people's illnesses and disease. Some orders are also actively involved in land reclamation and small-scale industry.;"Travail et Prière" : tel est le crédo de la vie monastique. Souvent isolés, les institutions monastiques sont les conservatoires du savoir et source d'éducation. Vous pouvez compter sur ces communautés pour leurs rôles dans le défrichement de terres nouvelles et également soigner les maux de tous.;;;;;;;;;;x
episcopale_L1;EPISCOPAL SEE;CITÉ ÉPISCOPALE ;;;;;;;;;;;;x
episcopale_L1_desc;Specializing this holding as an §YEpiscopal See§! allows the settlement to develop into a bastion of the faith. The influence of the local clergy headed by the bishop has facilitated the growth of a thriving town centered around the local church.;L'influence de l'évêque a érigé ce centre épiscopal en une fière cité pouvant tout à fait rivaliser en puissance et richesse avec la plupart des villes et châteaux de la région. \n\nLe développement économique et démogropahique du domaine augmente chaque année, sauf si : \n -le domaine est occupé, le cas échéant le domaine stagne.\n -le domaine est assiégé, le cas échéant le domaine stagne. \n -En cas d'épidémie, le dévelopement va régresser le temps que durera l'épidémie. \n -Lors d'un pillage de barbares, le niveau de développement va régresser fortement. ;;;;;;;;;;;;x
episcopale_L2;EPISCOPAL SEE;CITÉ ÉPISCOPALE ;;;;;;;;;;;;x
episcopale_L2_desc;Specializing this holding as an §YEpiscopal See§! allows the settlement to develop into a bastion of the faith. The influence of the local clergy headed by the bishop has facilitated the growth of a thriving town centered around the local church.;L'influence de l'évêque a érigé ce centre épiscopal en une fière cité pouvant tout à fait rivaliser en puissance et richesse avec la plupart des villes et châteaux de la région.;;;;;;;;;;;;x
episcopale_L3;EPISCOPAL SEE;CITÉ ÉPISCOPALE ;;;;;;;;;;;;x
episcopale_L3_desc;Specializing this holding as an §YEpiscopal See§! allows the settlement to develop into a bastion of the faith. The influence of the local clergy headed by the bishop has facilitated the growth of a thriving town centered around the local church.;L'influence de l'évêque a érigé ce centre épiscopal en une fière cité pouvant tout à fait rivaliser en puissance et richesse avec la plupart des villes et châteaux de la région.;;;;;;;;;;;;x
episcopale_L4;EPISCOPAL SEE;CITÉ ÉPISCOPALE ;;;;;;;;;;;;x
episcopale_L4_desc;Specializing this holding as an §YEpiscopal See§! allows the settlement to develop into a bastion of the faith. The influence of the local clergy headed by the bishop has facilitated the growth of a thriving town centered around the local church.;L'influence de l'évêque a érigé ce centre épiscopal en une fière cité pouvant tout à fait rivaliser en puissance et richesse avec la plupart des villes et châteaux de la région.;;;;;;;;;;;;x
episcopale_L5;EPISCOPAL SEE;CITÉ ÉPISCOPALE ;;;;;;;;;;;;x
episcopale_L5_desc;Specializing this holding as an §YEpiscopal See§! allows the settlement to develop into a bastion of the faith. The influence of the local clergy headed by the bishop has facilitated the growth of a thriving town centered around the local church.;L'influence de l'évêque a érigé ce centre épiscopal en une fière cité pouvant tout à fait rivaliser en puissance et richesse avec la plupart des villes et châteaux de la région.;;;;;;;;;;;;x
#episco_muslim;Religion centre;CENTRE RELIGIEUX ;;;;;;;;;;;;x
#episco_muslim_desc;Specializing this holding as a §YGrand Mosque§! allows the settlement to develop into a bastion of the faith. The influence of the local clergy has facilitated the growth of a thriving town centered around a great mosque where the people gather to pray.;L'influence de le clergé a érigé ce centre religieux en une fière cité pouvant tout à fait rivaliser en puissance et richesse avec la plupart des villes et châteaux de la région.;;;;;;;;;;x
voc_indus_L1;MANUFACTURING CITY;CITÉ MANUFACTURIÈRE;;;;;;;;;;;;x
voc_indus_L1_desc;Specializing this holding as a center of §YManufacturing and Artisanry§! allows the holder to focus solely on the extraction and production of processed and luxury goods to be used by the local lord or exported for profit.;Cette cité s'est spécialisée dans l'extraction et la production de matières premières ainsi que dans leur transformation. Elle en tire de bons revenus.  \n\nLe développement économique et démogropahique du domaine augmente chaque année, sauf si : \n -le domaine est occupé, le cas échéant le domaine stagne.\n -le domaine est assiégé, le cas échéant le domaine stagne. \n -En cas d'épidémie, le dévelopement va régresser le temps que durera l'épidémie. \n -Lors d'un pillage de barbares, le niveau de développement va régresser fortement. ;;;;;;;;;;;;x
voc_indus_L2;MANUFACTURING CITY;CITÉ MANUFACTURIÈRE;;;;;;;;;;;;x
voc_indus_L2_desc;Specializing this holding as a center of §YManufacturing and Artisanry§! allows the holder to focus solely on the extraction and production of processed and luxury goods to be used by the local lord or exported for profit.;Cette cité s'est spécialisée dans l'extraction et la production de matières premières ainsi que dans leur transformation. Elle en tire de bons revenus. ;;;;;;;;;;;;x
voc_indus_L3;MANUFACTURING CITY;CITÉ MANUFACTURIÈRE;;;;;;;;;;;;x
voc_indus_L3_desc;Specializing this holding as a center of §YManufacturing and Artisanry§! allows the holder to focus solely on the extraction and production of processed and luxury goods to be used by the local lord or exported for profit.;Cette cité s'est spécialisée dans l'extraction et la production de matières premières ainsi que dans leur transformation. Elle en tire de bons revenus. ;;;;;;;;;;;;x
voc_indus_L4;MANUFACTURING CITY;CITÉ MANUFACTURIÈRE;;;;;;;;;;;;x
voc_indus_L4_desc;Specializing this holding as a center of §YManufacturing and Artisanry§! allows the holder to focus solely on the extraction and production of processed and luxury goods to be used by the local lord or exported for profit.;Cette cité s'est spécialisée dans l'extraction et la production de matières premières ainsi que dans leur transformation. Elle en tire de bons revenus. ;;;;;;;;;;;;x
voc_indus_L5;MANUFACTURING CITY;CITÉ MANUFACTURIÈRE;;;;;;;;;;;;x
voc_indus_L5_desc;Specializing this holding as a center of §YManufacturing and Artisanry§! allows the holder to focus solely on the extraction and production of processed and luxury goods to be used by the local lord or exported for profit.;Cette cité s'est spécialisée dans l'extraction et la production de matières premières ainsi que dans leur transformation. Elle en tire de bons revenus. ;;;;;;;;;;;;x
voc_comm_L1;TRADING CITY;CITÉ COMMERÇANTE;;;;;;;;;;;;x
voc_comm_L1_desc;Specializing this holding as a center of §YTrade and Commerce§! allows the holder to focus solely on facilitating and expanding the passage of numerous trade routes and the levying of tolls and taxes upon the droves of merchants flocking here seeking to make a generous profit.;Cette cité s'est spécialisée dans les activités de commerce et retire des bénéfices par tous les moyens, marchés, foires, péages entre autres.  \n\nLe développement économique et démogropahique du domaine augmente chaque année, sauf si : \n -le domaine est occupé, le cas échéant le domaine stagne.\n -le domaine est assiégé, le cas échéant le domaine stagne. \n -En cas d'épidémie, le dévelopement va régresser le temps que durera l'épidémie. \n -Lors d'un pillage de barbares, le niveau de développement va régresser fortement. ;;;;;;;;;;;;x
voc_comm_L2;TRADING CITY;CITÉ COMMERÇANTE;;;;;;;;;;;;x
voc_comm_L2_desc;Specializing this holding as a center of §YTrade and Commerce§! allows the holder to focus solely on facilitating and expanding the passage of numerous trade routes and the levying of tolls and taxes upon the droves of merchants flocking here seeking to make a generous profit.;Cette cité s'est spécialisée dans les activités de commerce et retire des bénéfices par tous les moyens, marchés, foires, péages entre autres. ;;;;;;;;;;;;x
voc_comm_L3;TRADING CITY;CITÉ COMMERÇANTE;;;;;;;;;;;;x
voc_comm_L3_desc;Specializing this holding as a center of §YTrade and Commerce§! allows the holder to focus solely on facilitating and expanding the passage of numerous trade routes and the levying of tolls and taxes upon the droves of merchants flocking here seeking to make a generous profit.;Cette cité s'est spécialisée dans les activités de commerce et retire des bénéfices par tous les moyens, marchés, foires, péages entre autres. ;;;;;;;;;;;;x
voc_comm_L4;TRADING CITY;CITÉ COMMERÇANTE;;;;;;;;;;;;x
voc_comm_L4_desc;Specializing this holding as a center of §YTrade and Commerce§! allows the holder to focus solely on facilitating and expanding the passage of numerous trade routes and the levying of tolls and taxes upon the droves of merchants flocking here seeking to make a generous profit.;Cette cité s'est spécialisée dans les activités de commerce et retire des bénéfices par tous les moyens, marchés, foires, péages entre autres. ;;;;;;;;;;;;x
voc_comm_L5;TRADING CITY;CITÉ COMMERÇANTE;;;;;;;;;;;;x
voc_comm_L5_desc;Specializing this holding as a center of §YTrade and Commerce§! allows the holder to focus solely on facilitating and expanding the passage of numerous trade routes and the levying of tolls and taxes upon the droves of merchants flocking here seeking to make a generous profit.;Cette cité s'est spécialisée dans les activités de commerce et retire des bénéfices par tous les moyens, marchés, foires, péages entre autres. ;;;;;;;;;;;;x
#commanderie;Commandry;COMMANDERIE;;;;;;;;;;;;x
#commanderie_desc;A commandry is a demesne under the control of a commander of a religious and military order. \nIt is where brothers and knights receive their training.;Une commanderie est un établissement foncier appartenant à un ordre religieux et militaire. \nElle est le lieu de vie et de formation de communautés de frères, de chevaliers et d'affiliés. ;;;;;;;;;;;;x